temperature,hour,day,month,energy_consumption
25.1394334377269,0,1,1,75.36437339539214
27.731650520792968,1,1,1,83.40185495035139
28.704276857248125,2,1,1,78.27088774061066
20.080469485298178,3,1,1,56.51985048548002
23.09735925505204,4,1,1,70.81173246793318
29.576037393658908,5,1,1,84.32188519433718
25.13116712267887,6,1,1,76.16579090213895
23.182844248720983,7,1,1,74.1319061773031
25.39199937425648,8,1,1,78.20623587095885
22.2125494242776,9,1,1,77.99221370196022
28.0648135792427,10,1,1,82.27443448386548
23.422546256146845,11,1,1,73.27866950427382
25.388888490671448,12,1,1,84.14477565753458
20.058737855510586,13,1,1,60.0225185622203
26.731524781805252,14,1,1,81.18318756246354
22.10024262178738,15,1,1,74.081256288494
29.32557592878712,16,1,1,89.4982076601557
23.74244749481492,17,1,1,72.87244263642421
27.524189220859466,18,1,1,83.8998965998896
27.63139001845522,19,1,1,82.07757940317406
28.7049945527175,20,1,1,94.236287728335
21.10111178256601,21,1,1,59.672380432970826
23.00091980393784,22,1,1,70.23522761734993
24.74905765950469,23,1,1,78.39420777459377
26.729367191665855,0,2,1,87.84164465666763
22.575924329206178,1,2,1,72.92984426206768
27.011513197244877,2,2,1,86.66909405376278
26.570000593742623,3,2,1,80.41142775984329
21.820077577118944,4,2,1,64.21209800102363
23.220629928291007,5,2,1,74.16033755004982
28.875374569208283,6,2,1,81.04958057295511
20.833491610497568,7,2,1,70.30817192579988
27.46564120140408,8,2,1,82.28439185280472
20.623500489834765,9,2,1,59.847392688307885
27.31481126572729,10,2,1,82.50403686398842
27.42511354993544,11,2,1,82.78244589126273
24.07915813451661,12,2,1,74.67411328167944
29.91382998898481,13,2,1,86.88913818269737
24.52137298758392,14,2,1,78.54242641942929
21.89878543127921,15,2,1,77.22845715853467
23.516264720993824,16,2,1,73.73515145603137
27.1481166642526,17,2,1,91.84340824868656
23.574353632517656,18,2,1,73.35070513237227
20.51618553995076,19,2,1,66.20209750906106
23.159190043519654,20,2,1,77.85177634998958
29.98804611564981,21,2,1,90.98147610427824
22.87904856617314,22,2,1,81.91707933111346
24.617958714158057,23,2,1,70.22461753933254
27.35268110983973,0,3,1,88.73376918202806
29.4367895074536,1,3,1,76.55502512631448
21.75402642665544,2,3,1,62.05505493579667
22.124213759030667,3,3,1,62.00189386466329
21.32477612950562,4,3,1,80.45212742101157
22.086811922474794,5,3,1,64.71822006448231
29.95687944543529,6,3,1,91.87196450897233
22.466458319173128,7,3,1,69.69226303092958
21.10053158610883,8,3,1,63.85097612559908
25.02320238265005,9,3,1,68.80528577996184
24.56121815223363,10,3,1,76.30130928798148
27.34490228945882,11,3,1,84.03868416047865
26.209435413222995,12,3,1,77.67379217139589
26.210702266888138,13,3,1,78.9122501589774
21.50172634196033,14,3,1,64.04242487840129
25.38274545985014,15,3,1,78.18728130362722
21.203472435117007,16,3,1,63.39384819262403
21.530255220213963,17,3,1,76.1061781008304
24.501785568140253,18,3,1,60.14423797781192
24.29072347206709,19,3,1,80.19264551142784
27.336620808382342,20,3,1,86.22364506793032
20.735715500615072,21,3,1,53.26327834004948
22.787858297629416,22,3,1,64.963183670906
21.652937745810068,23,3,1,66.43892064888173
25.080881384605885,0,4,1,75.91390632236421
25.792511525815144,1,4,1,84.1914674081221
26.38607928227496,2,4,1,75.25176382432235
22.140257043395216,3,4,1,75.0144709786204
24.175776484229303,4,4,1,69.36574478049252
24.66814180599299,5,4,1,78.04604233404717
20.8306921561722,6,4,1,67.48478775030759
25.70272908051244,7,4,1,78.25428789721424
22.28517562664769,8,4,1,74.84338094009375
20.357297197814656,9,4,1,64.64191192860432
29.645292782200077,10,4,1,89.08843429796624
20.746599465577813,11,4,1,73.15432864841176
27.304802408534588,12,4,1,72.1170986136019
25.02629923610621,13,4,1,76.72156432900981
20.92610834786026,14,4,1,65.97246106658439
25.239493543593387,15,4,1,61.53670969150112
24.342179614794837,16,4,1,77.38447783546265
25.480164067044672,17,4,1,76.07661992033586
29.3500696830084,18,4,1,74.8678736943382
29.950503029569347,19,4,1,86.28935401350225
26.623180737805964,20,4,1,83.87525695191415
23.54130272076084,21,4,1,83.45804939133072
24.391570140323367,22,4,1,81.99682840223484
27.75515876532632,23,4,1,86.64692164178189
26.286906188021035,0,5,1,75.98238074965289
20.979909211456427,1,5,1,70.71436235851863
26.515860600727823,2,5,1,81.7455295095431
29.686160083513528,3,5,1,85.18255250346287
22.36951967063015,4,5,1,75.29040593436996
23.927237470201163,5,5,1,85.18197378804605
20.826652146717024,6,5,1,72.76703721222391
28.23550800460484,7,5,1,81.81977544986103
22.89496303791875,8,5,1,78.64588465860416
21.6399808241071,9,5,1,66.95161483968974
21.631350503011426,10,5,1,71.17906441062561
22.77963692771154,11,5,1,63.861910204942966
20.070625228686637,12,5,1,61.130942848363965
27.48755597657033,13,5,1,79.72428614261031
28.53814894005697,14,5,1,81.89398685671573
29.2570243244667,15,5,1,85.36040306812063
23.02144911808179,16,5,1,77.77646909816677
24.741303614194493,17,5,1,87.74800460069132
27.403154678696605,18,5,1,72.3960115782119
26.506372227822904,19,5,1,69.56901196476844
22.676177223684757,20,5,1,73.2522162580531
23.89271280785603,21,5,1,75.81440197116459
29.052408789936464,22,5,1,86.53486772687651
27.30842166642431,23,5,1,81.19093782580337
20.76246135401603,0,6,1,76.93645309620132
22.06278270177169,1,6,1,64.5953373760119
28.883183855816185,2,6,1,81.1090189124048
24.12705094945204,3,6,1,70.25774284987176
22.045109984787786,4,6,1,65.98142190071894
23.469313673719093,5,6,1,76.19515389291618
24.121989217611294,6,6,1,72.16382017990225
27.55284508228243,7,6,1,74.11809532316923
21.33084051381747,8,6,1,73.92814359788368
28.54821118816656,9,6,1,80.51166202577497
23.798081761570703,10,6,1,68.56408772167514
24.76878004008374,11,6,1,71.4275936133967
21.301536970709083,12,6,1,64.0769676381083
22.72197376460728,13,6,1,57.48444204410177
29.458379717387388,14,6,1,82.59776720138095
24.74355526681912,15,6,1,77.51805130415416
21.52426617309369,16,6,1,71.01713960978869
25.521470351732276,17,6,1,64.69791035517181
26.20669205199192,18,6,1,76.30888108689255
28.49026590088053,19,6,1,80.0038474890762
24.285688244951665,20,6,1,72.10407562222572
29.580869515395115,21,6,1,93.78946764246312
21.95690400025256,22,6,1,78.13896312348292
25.16589293988249,23,6,1,87.32448956439137
24.01594208770407,0,7,1,74.17904403679803
22.788163745855844,1,7,1,69.91514117978062
26.040894955045736,2,7,1,91.59435479545417
20.796724169393286,3,7,1,76.13895450681913
24.951479078272804,4,7,1,70.97691337938971
24.74071985508593,5,7,1,79.4339400188436
27.35805437126441,6,7,1,77.65217034892018
22.93456303023421,7,7,1,74.11609389205148
22.170888734920588,8,7,1,67.63764065291417
22.05580615441809,9,7,1,72.59022722499552
29.82050357558108,10,7,1,85.12072843207085
24.52923700528654,11,7,1,76.92758507734762
29.58684969243783,12,7,1,82.96293306052968
28.961065597258337,13,7,1,77.22008603312915
24.409070367689715,14,7,1,71.13106167742689
24.09961989407236,15,7,1,69.27222198435854
26.609641720351465,16,7,1,82.23684827593902
29.33981338353756,17,7,1,83.33161598574218
28.045369751086035,18,7,1,95.0709621683288
24.74475302503648,19,7,1,79.80025010450828
24.939436141326404,20,7,1,78.73050081593509
22.553950124150788,21,7,1,85.42767734648194
26.07494158212376,22,7,1,84.03168982758035
20.632690730111605,23,7,1,72.89058361910637
25.71473453511247,0,8,1,75.6149818889058
20.91479245484502,1,8,1,71.7896472154404
25.20534149358047,2,8,1,63.00815765839373
25.976524064860275,3,8,1,94.55062457295648
27.72641369132929,4,8,1,83.5768305363592
25.25112028155413,5,8,1,84.69317340818874
26.39275137551011,6,8,1,78.58613842129708
25.403668920903502,7,8,1,75.64668454750125
22.65582435237804,8,8,1,73.2068674222959
23.10978491736091,9,8,1,74.33393532360886
24.43071127958496,10,8,1,81.30053662729328
23.768468456818773,11,8,1,78.22920748795471
25.673183798344112,12,8,1,75.41031586036098
24.12875170299725,13,8,1,71.18623045897634
29.53401925351112,14,8,1,92.8609254933263
25.96679015594368,15,8,1,82.10276684430163
24.74086027042263,16,8,1,78.28652837883581
29.954995385290918,17,8,1,86.08746919457022
22.25393776775444,18,8,1,74.57680497677092
24.54321847580241,19,8,1,90.53846528743108
24.341976608271324,20,8,1,76.76832119015009
27.605576132408025,21,8,1,86.41515216046992
25.71536181264341,22,8,1,76.19438265142527
26.88056181693612,23,8,1,76.9339196411834
24.119764413264544,0,9,1,71.05504380693068
22.17423028089874,1,9,1,77.39615132557863
21.468667460901354,2,9,1,70.65426607453617
22.547048748379524,3,9,1,67.80754950018792
23.95915995688079,4,9,1,72.0717496237688
20.684440013800035,5,9,1,59.60890188505656
28.000336390112764,6,9,1,90.01159284299351
20.68728253080148,7,9,1,73.37704700964338
20.3729554435034,8,9,1,70.97874709212677
21.992942809454743,9,9,1,74.3795743154023
22.222802352583667,10,9,1,67.64237008316105
22.646559515360728,11,9,1,71.53539589665067
20.14509495003621,12,9,1,65.28898283111768
23.852435159678947,13,9,1,72.43112712908069
26.82715303111651,14,9,1,75.68903567876515
20.98349283293633,15,9,1,71.77872060518372
26.94394100605918,16,9,1,80.04392593841625
20.918701288551315,17,9,1,75.3694376988319
28.79848358113788,18,9,1,86.55059850127053
24.480359303565752,19,9,1,71.93814969843436
25.643102418817787,20,9,1,87.13708266107015
24.217179754081734,21,9,1,73.58696136798733
28.0306567877647,22,9,1,90.72509867918768
23.36563319750552,23,9,1,72.9962814909488
23.26041504798717,0,10,1,85.68075277503624
21.14941244491787,1,10,1,69.30518444855907
28.177566231815558,2,10,1,73.99983940485824
21.00449301006466,3,10,1,70.28576213853393
20.957066151123065,4,10,1,75.17636554806667
26.970114943272577,5,10,1,86.71559756482247
29.38485262640809,6,10,1,90.45215551215163
20.98606705236942,7,10,1,64.36966291489324
22.93476988718991,8,10,1,68.35678498918013
21.301844403765184,9,10,1,70.38082621458054
23.976741866578703,10,10,1,77.70804435496895
25.680589088901204,11,10,1,68.52149457374996
28.298294847142657,12,10,1,77.87769146042558
24.284339182945683,13,10,1,77.73573441216783
27.7663428756868,14,10,1,83.24548578666972
23.973212464134896,15,10,1,80.3018182837614
24.69385892988708,16,10,1,76.11191730004793
24.524151838744043,17,10,1,64.04576014798012
22.34272771689294,18,10,1,77.01609483925165
23.18850676880722,19,10,1,78.73329793345887
29.7204906696094,20,10,1,87.44225579139471
20.865100550535335,21,10,1,72.43118969395067
26.320865441272908,22,10,1,76.7162449831054
21.42544509540756,23,10,1,67.80696760106643
25.10085138929034,0,11,1,74.66520658582795
21.926454263540705,1,11,1,77.02412225998496
20.251569643455724,2,11,1,57.90048341076686
25.12261404419632,3,11,1,73.95195603161895
24.444099741792108,4,11,1,77.15892668556708
26.718121775724832,5,11,1,93.00944697108928
22.46536270315424,6,11,1,80.36211598533166
29.65988407880897,7,11,1,92.52121146546573
24.293021662036573,8,11,1,72.66316703041736
26.527038227583592,9,11,1,78.20231068064139
26.904066498378786,10,11,1,90.49170426163876
29.490471834601998,11,11,1,76.68183997746894
26.703875046532723,12,11,1,81.51851629194611
21.829342107877448,13,11,1,67.31542829520717
26.502391544119632,14,11,1,79.4966013466813
28.12697349748423,15,11,1,86.44733860392547
28.40625304472844,16,11,1,93.6948065961692
24.64643325300053,17,11,1,79.48953462894329
26.6936445616103,18,11,1,71.90487922337948
29.211094917959663,19,11,1,77.41385903979514
24.9502464845913,20,11,1,68.46853359640598
24.603616046900527,21,11,1,72.99317043236167
29.591930852745843,22,11,1,83.22600601472266
29.876548794672736,23,11,1,80.43141463610559
29.446483884084817,0,12,1,81.66465477661896
29.599437093757142,1,12,1,91.90838131284832
22.55482900038605,2,12,1,65.67603413159378
26.148008677161226,3,12,1,76.23584839186987
24.929424795657468,4,12,1,81.5468009875772
24.797543324434216,5,12,1,83.75995734706586
23.34986439475433,6,12,1,76.6397294517093
24.600721682231296,7,12,1,73.62997122390698
25.00628702306405,8,12,1,86.84928585114606
20.703181335499156,9,12,1,66.84867535430931
23.474394293232304,10,12,1,73.05780673555262
22.85977794951259,11,12,1,74.1265371474243
23.67904809163135,12,12,1,79.93849946694492
28.3183887612512,13,12,1,78.63688457616405
25.30446488587485,14,12,1,65.44542801992745
22.092089696606205,15,12,1,74.71188395531024
22.74014526638077,16,12,1,71.56881316922764
29.248672781725872,17,12,1,91.4909822926206
21.43070683050125,18,12,1,66.97225233849409
23.77869184160053,19,12,1,75.67917130358867
24.73198341016048,20,12,1,66.82945799702419
25.59778919087317,21,12,1,86.7796195617193
29.743729598527917,22,12,1,83.34114367658678
24.223266328419538,23,12,1,66.15000122161268
23.32462540281946,0,13,1,66.17761964929294
28.303891886436556,1,13,1,94.17851811048914
29.625555535081773,2,13,1,89.63251802091851
20.61257094488445,3,13,1,71.85136903241968
29.9276764526212,4,13,1,85.92555320264866
27.32678191730368,5,13,1,72.64321480838069
21.841436693394616,6,13,1,71.36935558590424
21.11869314588258,7,13,1,56.15820640429485
20.751795991734028,8,13,1,64.15908028277804
26.16994929838213,9,13,1,78.55300132169354
23.17225963253787,10,13,1,83.95704997280212
25.272816356960263,11,13,1,71.79237551051598
21.800785772571857,12,13,1,75.05653078298293
29.6721129967827,13,13,1,80.48703556235982
25.74488749603658,14,13,1,85.70653026443098
28.37152111176624,15,13,1,84.58609727444954
23.336911733784294,16,13,1,71.58907832757887
29.07327456026971,17,13,1,79.76637419566994
24.49606284096336,18,13,1,68.19559790535749
24.005801562854373,19,13,1,66.00177993173611
27.922213491090368,20,13,1,80.5143962201336
24.04782382798048,21,13,1,83.2193950399079
28.8373015994737,22,13,1,96.24479646780536
24.100296887276173,23,13,1,73.10864189200338
20.96062912916994,0,14,1,69.61597783748148
24.82875708726147,1,14,1,85.17992011721516
27.70701191450814,2,14,1,84.49219676792431
21.436573616730698,3,14,1,70.53600589636218
21.86940692212729,4,14,1,60.49180013829193
26.89542244973883,5,14,1,82.16772173437849
29.84140366449989,6,14,1,81.91204080431203
21.62325003803798,7,14,1,70.01666703086599
29.97116493486008,8,14,1,94.07625484931792
24.475683087833907,9,14,1,74.4007924032853
27.746699927274637,10,14,1,89.50707092353817
26.47898939541043,11,14,1,81.44492043977603
29.661390791489666,12,14,1,82.02665399387878
28.49538571092684,13,14,1,86.58971960151044
23.67663813481401,14,14,1,73.31338432781097
22.976247258235677,15,14,1,63.94519034195512
25.556092091425032,16,14,1,71.68215977091921
24.35567264423292,17,14,1,80.88488370658571
22.49358411822166,18,14,1,69.36518466401643
25.028103588292623,19,14,1,77.11135724587183
24.754216120263745,20,14,1,66.83338950834204
26.6601213737628,21,14,1,86.27594100947952
29.94055444646933,22,14,1,93.67536718801192
25.292793135640693,23,14,1,78.51637753836398
29.83575266854268,0,15,1,92.94947424303056
28.32308055909224,1,15,1,81.03512874471366
23.530543021975223,2,15,1,82.69984871990366
25.485925419891544,3,15,1,72.51616454377282
29.103356619413912,4,15,1,89.10422123551844
23.60485466648944,5,15,1,75.10348087974481
22.20113546893045,6,15,1,67.4347673094004
29.64724750882625,7,15,1,87.24482058496623
22.539922369298097,8,15,1,71.39509194269883
29.156441420797947,9,15,1,86.43309225941918
20.792397525942917,10,15,1,68.2435021615015
21.76621987431695,11,15,1,77.32618941148577
27.41869692624722,12,15,1,87.63455303671404
29.598786880062494,13,15,1,85.0477045249641
22.883364314842687,14,15,1,73.25681014128338
24.12386223578576,15,15,1,86.13804177699438
24.9203612089152,16,15,1,73.30170849678505
24.867072170252865,17,15,1,77.75822606497373
26.41607206424367,18,15,1,69.980899727324
29.934091916313783,19,15,1,81.71962012715123
26.641326048873257,20,15,1,83.18770623779959
29.53147229322133,21,15,1,74.50066582241101
25.64960484800747,22,15,1,85.30242790679038
20.5867099546166,23,15,1,68.1664191683244
25.015098891974645,0,16,1,78.27308086222502
27.08520039788453,1,16,1,83.73032136926082
25.46302668912395,2,16,1,91.26509966618862
24.932757632110256,3,16,1,84.27007059707874
20.729852221340717,4,16,1,72.99259684812475
26.59486599781533,5,16,1,82.85963588574896
23.945620577333514,6,16,1,77.1941932078873
27.43320713790137,7,16,1,94.62023821457578
29.454844931271385,8,16,1,89.00357444759614
26.625763455465023,9,16,1,68.83167001425691
24.20913823846028,10,16,1,84.01097145424957
27.246529070906323,11,16,1,78.9790545188001
22.875581199714567,12,16,1,67.4824550310811
26.490491708295156,13,16,1,78.8322123678672
29.847835861620226,14,16,1,89.16170791211029
25.750670316104028,15,16,1,80.90873748636218
26.211521241726768,16,16,1,69.84644934130478
25.271974275287725,17,16,1,93.61749392822172
24.68514769489026,18,16,1,71.72043318222806
29.989584102205143,19,16,1,78.84560725498649
21.762517070510704,20,16,1,73.12301845544222
21.301340593724515,21,16,1,63.87007076935118
27.12107588004428,22,16,1,79.85590094565664
28.77905873790672,23,16,1,87.41590659136119
24.346551085684084,0,17,1,78.57276368394248
28.04969082646553,1,17,1,91.41236536705472
27.226570854641658,2,17,1,81.73188628959403
27.8759456574878,3,17,1,79.16418646600803
28.97886961385777,4,17,1,86.15217410784291
27.066683112008597,5,17,1,81.36888676528652
24.413828893934,6,17,1,71.93956193748485
29.76420304471216,7,17,1,99.20111959032307
22.11281095529103,8,17,1,63.12270832376059
24.940660004479184,9,17,1,81.98142865281332
24.577256096906105,10,17,1,80.25248579416566
21.2528032890315,11,17,1,71.29929557890472
29.88439348301628,12,17,1,88.01461174915498
20.64424767076612,13,17,1,66.26932558409561
28.11388728181357,14,17,1,82.2669388259017
28.1301774102285,15,17,1,87.04307524865446
21.088594927897752,16,17,1,77.37513106047973
23.776360320205395,17,17,1,65.98179416664804
22.234645566475628,18,17,1,60.54145962184359
29.08209886569873,19,17,1,92.04714123962164
26.59340244917716,20,17,1,85.23654873673894
22.162619666534543,21,17,1,64.86892378660065
24.60026864048912,22,17,1,65.37884108866804
28.87070395110097,23,17,1,88.69140252262352
29.963232904230267,0,18,1,86.91937064261256
23.751219493408858,1,18,1,83.90650416809571
24.791798073571503,2,18,1,74.11456005939908
22.29635670586457,3,18,1,83.89109970828049
21.96817759776177,4,18,1,71.04837024273033
25.040550991673094,5,18,1,81.67675119829586
24.79052751579664,6,18,1,85.43330464899245
29.759457574755857,7,18,1,71.31149601141918
20.572217098747668,8,18,1,71.59494171654234
21.491110561304424,9,18,1,66.63194054734754
22.810125413881728,10,18,1,78.85915530885171
28.08026546082564,11,18,1,82.06410931182897
28.15378415557783,12,18,1,73.07513597606074
20.095544725988955,13,18,1,79.16619554654747
23.89145752035277,14,18,1,72.79751943176964
20.13853046273076,15,18,1,66.47763445626643
20.179111779636223,16,18,1,72.80385072265209
28.07737837340109,17,18,1,76.06738490848045
22.75087423592777,18,18,1,67.98375026133883
27.123791012042265,19,18,1,81.38657107491966
27.28332920491556,20,18,1,83.25094380654245
25.014993307259616,21,18,1,67.17457319395716
21.466143655009272,22,18,1,67.26120660342814
24.413259476377117,23,18,1,80.34560178833401
26.634832086508275,0,19,1,77.04056884934522
27.529605083656385,1,19,1,95.4029596891022
20.42362322191651,2,19,1,67.29060455788681
29.19613110738682,3,19,1,86.07540331472565
29.132278473010224,4,19,1,91.0071222812532
21.11310768302797,5,19,1,66.91801210715869
24.966378373156623,6,19,1,67.80192844905321
22.763581036685263,7,19,1,72.79116253829804
24.65059222522192,8,19,1,73.71892622999403
22.409574710479287,9,19,1,73.95422052947721
27.41253712412604,10,19,1,79.62397199797275
28.033311269371296,11,19,1,88.68436418642132
23.508825825876077,12,19,1,81.29991310728172
23.145295623453844,13,19,1,70.67916601591584
22.430862898122427,14,19,1,65.17124623925778
20.58377649556324,15,19,1,63.86954231299019
25.671657767932604,16,19,1,76.93700355293326
27.887454181933727,17,19,1,77.43531155028174
22.612632063543117,18,19,1,77.03777489000016
20.128737577453293,19,19,1,61.4988615645802
25.480452458916943,20,19,1,87.8886308127343
20.220086774789458,21,19,1,61.89641476528576
23.796757757044343,22,19,1,94.62784881900978
24.250220009206,23,19,1,77.22028479810245
25.38331635956952,0,20,1,68.5608633379115
22.51423492537941,1,20,1,73.59698894167262
26.535222128965103,2,20,1,77.94474788452226
21.844770768163816,3,20,1,69.71608824565111
25.815971147012952,4,20,1,92.01258748997904
29.191259427700007,5,20,1,83.41231082362565
22.862277371468476,6,20,1,82.21564364553204
22.09146786634546,7,20,1,78.21117089032514
25.204869731530643,8,20,1,78.1360012561382
20.888861757974738,9,20,1,70.75779856628381
25.50427211558224,10,20,1,84.90688052458705
28.58080682593165,11,20,1,83.57237385867964
25.35449118222295,12,20,1,70.11778994803151
26.916619743576486,13,20,1,81.28468117700135
22.631193499696465,14,20,1,71.89785867504911
24.077228049710666,15,20,1,78.21271299674177
23.06624697347745,16,20,1,67.07114719268937
23.7735818545226,17,20,1,79.52856103834532
29.165312147879533,18,20,1,83.78413525306924
28.85697933071757,19,20,1,81.52320357960576
23.355251042380456,20,20,1,66.46316709527558
29.476509553670304,21,20,1,81.99562721027641
25.64670421938436,22,20,1,70.23880499853406
26.78585362904272,23,20,1,77.77802650109714
22.241050225881995,0,21,1,77.80850874093727
27.258290801594605,1,21,1,85.28188329910856
27.573100719202777,2,21,1,81.99774141424908
21.70943010969608,3,21,1,69.42614283102364
20.81959505517368,4,21,1,57.96891358645942
25.6487714187928,5,21,1,70.76654655668561
26.760740451849696,6,21,1,84.2199784977911
20.71470807109553,7,21,1,74.60538130681516
29.828850779482828,8,21,1,91.1199805367326
20.35401325859717,9,21,1,69.31099720502277
29.25483349840779,10,21,1,88.32121632344422
20.50449561006691,11,21,1,70.72099946849724
27.06595806791496,12,21,1,75.04311860015694
28.70614546897817,13,21,1,85.45715502934821
21.93223455443626,14,21,1,69.00907714924305
21.30169407206605,15,21,1,63.58213875013972
25.65729225549182,16,21,1,78.28346941614889
29.42690706957936,17,21,1,93.9589445168873
21.20819601401006,18,21,1,74.99537375055203
28.986915893152464,19,21,1,87.42146757160002
23.70867172047463,20,21,1,75.57152420533848
22.77245267568266,21,21,1,70.46552358032476
27.31995453139861,22,21,1,75.27844823561392
25.897736047670985,23,21,1,80.1690478981595
22.852928133523854,0,22,1,78.62040300283796
27.909831281101503,1,22,1,97.77348781754034
25.98901531268556,2,22,1,79.54992427809216
24.532159747754687,3,22,1,82.5582035943768
21.738925381579367,4,22,1,69.58620609341473
28.367308264563675,5,22,1,82.9555569393591
29.37403469813012,6,22,1,83.34177681903425
26.394122756670967,7,22,1,77.12419833394712
29.459240107502215,8,22,1,81.39080270633778
22.77897688001199,9,22,1,80.91405726325533
24.165454779487348,10,22,1,81.62875782723093
27.45636499635991,11,22,1,84.06315253230775
28.226550979307493,12,22,1,77.26334147173574
21.691465598867328,13,22,1,65.4106623314997
20.61166963059805,14,22,1,67.22824139994246
27.323585669054317,15,22,1,85.58282095046387
21.008113410555087,16,22,1,67.84233024062135
26.13529093559066,17,22,1,86.92061127676786
20.41762695779149,18,22,1,63.978617564810655
25.55588368247861,19,22,1,69.70390192254267
23.900946973404714,20,22,1,77.93189649527889
27.457017733548696,21,22,1,79.51141827944035
28.985184717421003,22,22,1,83.98375304279631
24.97811892036308,23,22,1,76.87445075421458
26.82515934926824,0,23,1,84.75911327289828
20.8386699931593,1,23,1,64.29007163380574
22.671160480897267,2,23,1,70.31639320798583
22.231706348691738,3,23,1,77.43243518171313
29.00790108543372,4,23,1,70.54726071124931
20.24928813453841,5,23,1,62.90256674535729
22.34551324058049,6,23,1,70.17027035788999
22.039777213432824,7,23,1,64.79217173104597
29.627620142731296,8,23,1,75.91140009003787
27.771709923600643,9,23,1,82.73357614484655
23.993171742885703,10,23,1,77.76876946613743
24.91675160397488,11,23,1,82.7662831291561
20.076316338811637,12,23,1,62.81838028250851
25.73555306278289,13,23,1,75.72856416541613
22.55587665576569,14,23,1,67.2628691128189
23.19063907630765,15,23,1,76.19931216944339
20.562095905476863,16,23,1,68.33142349404177
23.333556405681914,17,23,1,78.51244626151973
25.524973348056815,18,23,1,79.21063420495611
26.06015212636269,19,23,1,83.16661078240935
20.478201440082344,20,23,1,68.44765376611637
24.419248252866403,21,23,1,76.37434527048943
22.346768775282424,22,23,1,74.83286862689855
25.325159742225043,23,23,1,85.39366027138668
29.618747294587564,0,24,1,79.2849224435124
22.992130529119414,1,24,1,71.94351918783443
25.91264758904968,2,24,1,66.26580446654819
22.14574819875171,3,24,1,74.84384965506081
24.618448355987493,4,24,1,82.97112009264806
23.526241515482536,5,24,1,77.9426406626892
24.31613806919352,6,24,1,71.9985488138216
21.32277027840638,7,24,1,58.09700995500931
20.637409430045448,8,24,1,57.28563889293863
26.603751997681293,9,24,1,88.21238718682275
24.08231099148212,10,24,1,69.10618926694599
29.17552051908634,11,24,1,80.22231202363872
25.41129367508965,12,24,1,77.91203359869158
28.788470094804097,13,24,1,83.0243540344661
29.98666302319409,14,24,1,89.10913858582384
22.994690388903106,15,24,1,72.97899309283271
25.87413406442268,16,24,1,74.44558893131881
25.823889448751533,17,24,1,75.46514844676668
24.11929022638841,18,24,1,82.22345612034907
25.026543725776705,19,24,1,77.53640850335813
23.722752704652105,20,24,1,76.66682705524279
21.1059053829919,21,24,1,63.29028849358993
29.895994546347303,22,24,1,76.08034762829266
26.14397546462776,23,24,1,83.50109663171298
23.918155720609352,0,25,1,79.40597494954525
23.038633470465896,1,25,1,71.40115269753504
22.94066537619797,2,25,1,67.62811061570734
27.5196769343314,3,25,1,81.04818095914119
20.26763985609399,4,25,1,71.22118707426318
20.08366729386336,5,25,1,61.69541944263317
28.32013350736121,6,25,1,75.26679366638521
24.221436416973024,7,25,1,83.44635557416105
23.55119385077773,8,25,1,73.70147658568817
23.377386902716616,9,25,1,77.62714607009033
21.853116247072123,10,25,1,77.45296107402339
25.048041213841287,11,25,1,80.98899707324453
29.45655852786567,12,25,1,87.70922567050178
25.29515875070915,13,25,1,83.50179530846134
22.025443468577887,14,25,1,60.39699944712779
28.362273912031824,15,25,1,89.06661082391325
26.241719675893428,16,25,1,84.99430221637239
20.824744470711344,17,25,1,79.55022187464053
27.22115683760672,18,25,1,76.85500688033403
20.587370855087972,19,25,1,72.36662633566371
24.02871733451554,20,25,1,79.43030091050638
25.812903434433277,21,25,1,85.1266719907273
22.94153218026616,22,25,1,72.59865350688159
27.76510015265695,23,25,1,77.66773981239143
20.26519121041291,0,26,1,56.03816283332214
21.43513354468482,1,26,1,73.15360829787224
24.101967995806724,2,26,1,75.69639299898678
29.229526088323095,3,26,1,90.3816456495203
21.77733703407061,4,26,1,64.05448532882963
21.42294504660759,5,26,1,62.863458827698935
21.77191051677253,6,26,1,69.78902812684966
29.313089533798724,7,26,1,85.05730518930991
26.312113992801667,8,26,1,83.88917674427188
28.056808069836137,9,26,1,79.80724747202207
23.28766174514709,10,26,1,62.74215841892026
26.51619922943248,11,26,1,81.94478362883896
29.53130442455096,12,26,1,86.11226292148204
28.07627910350413,13,26,1,76.39956057610658
22.07206290389256,14,26,1,74.36226287849098
22.70100220129873,15,26,1,74.8163318897396
28.49552925073698,16,26,1,75.96073209963497
23.224515711712225,17,26,1,74.44139857203474
23.101868752981872,18,26,1,62.11213580486496
28.211898887349143,19,26,1,92.77187827251257
24.607834348807906,20,26,1,80.91361624369979
23.3736305639473,21,26,1,67.39138576705781
23.66961567910736,22,26,1,75.60212741214488
22.828181449323893,23,26,1,76.45718676536139
28.59608654207848,0,27,1,81.26777861557825
27.929216556120583,1,27,1,91.14991229515994
24.27189629512494,2,27,1,79.69723688154224
26.275698371215125,3,27,1,73.88836804426923
24.336223818027577,4,27,1,74.97644951312583
24.469723503963845,5,27,1,80.94999011077955
23.707597426615944,6,27,1,63.92393849450811
26.208167154272225,7,27,1,80.79109195683546
23.3066143118699,8,27,1,79.07794498876416
20.25069573858048,9,27,1,74.11810022464476
28.34864105878755,10,27,1,78.7514888583306
24.928249309683597,11,27,1,78.67500496466604
25.97635702196669,12,27,1,80.82165747071468
21.782147655314308,13,27,1,67.27265525670609
26.42216017505282,14,27,1,66.87386981538799
22.590737356806944,15,27,1,75.02685535915874
20.39815823528528,16,27,1,76.22825756240682
20.06749864620427,17,27,1,68.44825119479881
24.139397577911257,18,27,1,68.74994600668715
23.120543462271705,19,27,1,76.43135425284179
22.205693452283384,20,27,1,80.01859200003511
29.477070231850288,21,27,1,77.32851080574274
22.940281100035275,22,27,1,73.08128158834285
21.416930979984983,23,27,1,76.49106519530412
27.49746827670203,0,28,1,79.28141564158575
27.149860987206765,1,28,1,73.47964081168632
26.74814311381064,2,28,1,66.33714108671694
26.71214455777249,3,28,1,81.85160554176544
29.087077631264044,4,28,1,72.80526954832648
28.84601277771644,5,28,1,74.51737038420895
24.982577673412933,6,28,1,75.92716537758582
22.63029042271791,7,28,1,73.02425358538392
26.048889415597323,8,28,1,81.38526021881859
26.10448921296209,9,28,1,77.79518407310698
24.150381121010756,10,28,1,64.55218318369768
28.620161847450643,11,28,1,81.8901146901959
29.93848322057124,12,28,1,90.00918791745602
20.1346228079444,13,28,1,68.4700833421926
24.2115865772396,14,28,1,79.257313029097
28.905796143926157,15,28,1,76.83539689058603
27.48661411858068,16,28,1,88.57727870029969
22.73250707402554,17,28,1,73.28393544110416
20.07164772286796,18,28,1,68.43520744444696
25.826213052660705,19,28,1,74.09351699179453
28.18462274256209,20,28,1,73.20578305573105
27.53830307322784,21,28,1,80.45955841711948
28.809743757906105,22,28,1,98.76175414998474
20.314912580872885,23,28,1,71.87972003300972
22.131944017432005,0,29,1,77.5715959063305
23.886253371789486,1,29,1,67.96327936750484
21.502921067896523,2,29,1,69.33178402230232
22.76553909077793,3,29,1,69.07359498820098
29.643731582141363,4,29,1,98.84375583052464
27.28158674762989,5,29,1,79.49779512537728
29.59394449401578,6,29,1,87.54904071367156
24.756777789627616,7,29,1,84.95971162482081
21.145990496884576,8,29,1,69.62319925097123
22.09220846493643,9,29,1,76.4254060741374
25.771667608395543,10,29,1,89.20534467992567
21.934041283702047,11,29,1,74.95950368092542
29.199253314231555,12,29,1,91.70325794178096
23.70223918698403,13,29,1,73.09132362166658
29.56555394506261,14,29,1,92.85040372930234
27.075284404141257,15,29,1,86.26883863574577
20.43846410015249,16,29,1,77.55394617007619
29.038956992659863,17,29,1,78.92474327254632
26.43328930616935,18,29,1,74.38816585487947
27.99273036552685,19,29,1,89.49271921516606
29.070533088506924,20,29,1,79.78630032428333
23.579791680402767,21,29,1,79.60206955029179
24.26128135468423,22,29,1,74.92464777020584
26.118115570247543,23,29,1,69.36561643713308
20.00756508361767,0,30,1,69.73709712547185
27.82597661117626,1,30,1,83.06354933768394
29.42914998875048,2,30,1,78.13585396241895
29.99258027185114,3,30,1,85.89515636120859
28.051128403210043,4,30,1,75.90956928254148
27.980854660103677,5,30,1,76.66893627962274
26.30848125294498,6,30,1,82.96533967112204
29.54518117452251,7,30,1,83.01619774663669
23.15739484935673,8,30,1,79.1237253482039
21.6376904684664,9,30,1,75.31283757044484
29.6147790205029,10,30,1,88.20706667134657
22.762116061860294,11,30,1,73.5590518123568
22.65961906659234,12,30,1,77.84733817583752
26.981393247816506,13,30,1,80.05988641915772
21.96121639520164,14,30,1,73.8627328825861
23.114394312824405,15,30,1,72.58267635779946
27.625083013478267,16,30,1,85.14000480874805
26.611840663066303,17,30,1,75.80524543517814
23.299273667636022,18,30,1,70.55942710998752
22.310543009336595,19,30,1,73.4135680602193
29.88089749977135,20,30,1,81.75602366870022
27.99737166789025,21,30,1,86.77321944203945
25.16973619964978,22,30,1,67.2160954151652
24.49598369966365,23,30,1,71.72715985552911
26.33692120986549,0,31,1,82.49632388751793
27.60787650391726,1,31,1,76.73768631844267
26.52983759198383,2,31,1,93.21841404930304
21.905272176615327,3,31,1,78.39455065208094
24.47000759767877,4,31,1,68.49891727822094
26.035928837340663,5,31,1,73.6236893035594
27.62168629025888,6,31,1,84.16006699905145
23.659695396513417,7,31,1,71.95239611852183
28.253687926194008,8,31,1,86.85307892429685
23.29192838163296,9,31,1,76.96119913359442
23.512909501516184,10,31,1,64.73408495868908
20.818448560599663,11,31,1,60.71934920375879
24.25857105842617,12,31,1,79.53641349473892
22.85909309294393,13,31,1,71.89591789087714
27.872883354574185,14,31,1,82.2988006202536
28.82222696248394,15,31,1,86.26459141524661
26.48049983323014,16,31,1,77.18138142626093
27.18535072644545,17,31,1,88.35160574829843
28.10871691507556,18,31,1,79.6683096222516
24.678159200816985,19,31,1,75.38754513746487
25.154023578344663,20,31,1,79.43136341116085
27.9191584733416,21,31,1,90.89850706078848
20.481908433295693,22,31,1,58.82047314243
21.158264523278955,23,31,1,63.87592665995615
28.18426785949478,0,1,2,92.37619236149315
26.98344484146845,1,1,2,78.40883003590025
21.53636417400153,2,1,2,67.42856121374454
28.08994591292953,3,1,2,72.95782970185579
27.89823981432385,4,1,2,84.57865296861532
28.295123420876777,5,1,2,61.49139444812299
27.56570565910256,6,1,2,88.92697402276784
20.544784946049848,7,1,2,73.05025239553935
26.00147198097815,8,1,2,81.88643449439485
21.2120286729941,9,1,2,58.24209602013117
24.397564439301657,10,1,2,75.1212922278161
29.297663074028627,11,1,2,85.90455015626561
25.601552066483784,12,1,2,76.74886744332281
24.67189416847147,13,1,2,64.20732944502826
20.22512832253564,14,1,2,56.8498285541253
29.65387961027392,15,1,2,87.79268634679283
25.650962933275828,16,1,2,71.45984361527782
25.64901832175352,17,1,2,73.9768404279642
24.718255043439083,18,1,2,76.26762690060934
28.893682356464048,19,1,2,90.01825906112286
25.215366866623462,20,1,2,79.76646360598038
24.58577372088122,21,1,2,87.17029521230282
24.375952879094264,22,1,2,80.87061710074885
26.252275954440307,23,1,2,88.08448919703298
25.43132663832852,0,2,2,75.22014747070905
29.649917255382277,1,2,2,81.22613097183303
24.01919803253992,2,2,2,72.72344605181073
26.265252934294388,3,2,2,87.19432933388649
20.46336939888204,4,2,2,75.5245962799521
28.964697914030687,5,2,2,86.73987202658985
26.701124713118123,6,2,2,83.52743893947023
20.08653775204844,7,2,2,77.28728399091317
25.754692492283866,8,2,2,70.97033275219684
27.30160658005784,9,2,2,77.39459750442413
23.798703060875116,10,2,2,64.48440467256711
23.926434927118983,11,2,2,66.07285097614827
20.97384228015688,12,2,2,72.70629943619927
21.51112995363889,13,2,2,70.34077898269254
27.43684093818028,14,2,2,81.00413677469648
25.955457362671957,15,2,2,78.44143059054966
23.267612083668716,16,2,2,73.0904401535243
21.229194500363118,17,2,2,67.92958882919045
28.494737984482548,18,2,2,91.94462323675108
23.154947736256005,19,2,2,70.06946028805963
20.65751335890989,20,2,2,68.97311365871171
24.181085113548967,21,2,2,81.74305152381166
22.717299723189683,22,2,2,71.40042116378686
22.969477185193245,23,2,2,69.56545394077557
28.72151326308368,0,3,2,87.72153704712844
26.82303657982087,1,3,2,88.54690591648122
23.62926205359794,2,3,2,74.44998449163582
20.584890895456468,3,3,2,69.19314437729022
25.50999331457151,4,3,2,88.5967232615058
22.762376115605093,5,3,2,73.58727585286015
28.53358764899384,6,3,2,75.74823226548786
23.939925926350437,7,3,2,73.12946992092232
25.56660938552816,8,3,2,82.91047044499858
24.083612178804955,9,3,2,68.2724094726897
24.73966174833608,10,3,2,71.58316625639407
20.04435657061076,11,3,2,67.22109967935921
20.993994308995678,12,3,2,80.08033043757187
26.091473296151467,13,3,2,74.24422105290891
28.01246676220017,14,3,2,87.80952509705592
28.54278846797212,15,3,2,86.32516881485017
28.40811945164571,16,3,2,84.79082442841512
22.99570812008609,17,3,2,66.23213006617978
20.83318351509932,18,3,2,71.54282748274463
25.783239146637584,19,3,2,79.55821443033956
21.511258225028264,20,3,2,62.95025497941604
21.94897546097125,21,3,2,66.18474115033203
26.014880457687667,22,3,2,83.07569262795542
25.19169167128519,23,3,2,71.48229016652637
28.265045428003493,0,4,2,83.3840260933279
24.507549666190734,1,4,2,73.2698957693604
24.288713865115295,2,4,2,70.20728102641631
24.071036139656545,3,4,2,66.304863051861
24.10334512155624,4,4,2,74.97728056174398
21.571152670794994,5,4,2,74.38874933629147
28.285639244378142,6,4,2,86.12234939542616
23.78426829334264,7,4,2,67.89021820853577
21.79774133121483,8,4,2,75.97826561353159
21.42627021221907,9,4,2,76.68428383317388
29.052975936830265,10,4,2,83.05468483972078
28.76532890599406,11,4,2,96.4521433678922
22.540831425400533,12,4,2,80.20604150306539
26.55022702301057,13,4,2,81.27375409650702
28.92838671894516,14,4,2,88.20566274109716
24.37054662323201,15,4,2,79.60890866210994
20.64682792210582,16,4,2,61.39888771817561
28.95982955890242,17,4,2,83.78843868251245
28.33608115315527,18,4,2,87.35825906953346
29.229004665925647,19,4,2,84.58918212006182
26.718430714380112,20,4,2,80.05588357031704
24.56759848627673,21,4,2,74.61537841018321
25.38193875843749,22,4,2,74.86247537123884
29.38146069172392,23,4,2,93.15131327422893
28.79814763436293,0,5,2,84.37745792736945
26.580330970873096,1,5,2,80.01859291511454
29.63049974555876,2,5,2,91.62295101595932
28.45055923907303,3,5,2,77.51480500128586
25.22320754761543,4,5,2,79.13007292495517
24.090883775103624,5,5,2,78.48401742479824
26.716131858354345,6,5,2,85.89818605259556
24.00783052077012,7,5,2,83.40112430029193
25.168296440898544,8,5,2,63.21657676999636
22.27739105770521,9,5,2,73.22462576690991
25.606914395280437,10,5,2,81.0498032003968
25.34790012406921,11,5,2,79.19585224486673
28.797385106003063,12,5,2,88.29431991830587
27.5106612489924,13,5,2,82.97342334090565
21.67499211811761,14,5,2,72.92881578485913
27.88820532665175,15,5,2,81.49782675728483
22.010422101842103,16,5,2,69.23100378261557
23.12435844002117,17,5,2,75.86536113995702
29.08737283403827,18,5,2,91.75553909552632
26.04721462393987,19,5,2,85.13385609164183
26.987897969882667,20,5,2,82.56068812241381
21.096889670780293,21,5,2,67.73072438312461
29.740914785129632,22,5,2,96.12930554206513
21.17484268697057,23,5,2,70.8375887326964
26.608481647020067,0,6,2,80.98170779606365
20.03628740687197,1,6,2,65.35606147127491
22.718206905120223,2,6,2,72.04003409880633
24.981070435902684,3,6,2,77.12078031501296
21.766912262341457,4,6,2,75.3485357126041
26.33652802036969,5,6,2,71.39760851441484
27.759536602699328,6,6,2,86.08527010293754
28.357718756092574,7,6,2,93.38115408031368
29.95881392640869,8,6,2,96.8270154708628
25.048835136845604,9,6,2,80.8873063825119
22.595292162458065,10,6,2,69.22037410972067
24.009127211462506,11,6,2,60.91932103225366
22.36843591185844,12,6,2,75.53856591079501
27.539516297433,13,6,2,79.79984375099583
20.24443340170681,14,6,2,71.54910416615894
29.017834862858397,15,6,2,84.69091054055431
26.379174948546904,16,6,2,83.60757994011098
27.131069911889306,17,6,2,75.65001746965481
24.411232283240945,18,6,2,75.87689147812918
24.3796256319431,19,6,2,81.09720608682159
20.685806589502896,20,6,2,65.30920333087973
26.30282119951243,21,6,2,76.12563633762042
23.208127979847603,22,6,2,73.72564333172613
23.466028675152423,23,6,2,70.17277013664147
22.46008002399862,0,7,2,67.4671913764481
21.924342393997087,1,7,2,76.65420850037307
23.97881545346942,2,7,2,74.08847512819422
22.73120326184565,3,7,2,70.68157321525482
29.678982565722404,4,7,2,89.39200618617744
28.343899535201125,5,7,2,82.97682702420613
23.75753049405686,6,7,2,82.21006924138484
21.7614010907956,7,7,2,73.55268633093475
21.210963225676988,8,7,2,77.21726257918638
20.97957692628264,9,7,2,75.6426657882866
26.546250733650165,10,7,2,79.10797904501618
22.61562250076103,11,7,2,72.99207937332126
21.86244659457305,12,7,2,67.25414245900059
24.52626836054921,13,7,2,80.13297259872593
26.0359793463165,14,7,2,77.5451627844336
22.390822256816417,15,7,2,73.93699973318839
25.724310586296724,16,7,2,90.68396397094024
28.739214260468977,17,7,2,84.48618077210722
29.98347789637895,18,7,2,74.65312777725045
27.47582657895299,19,7,2,76.26071511837159
24.21722998310255,20,7,2,64.04592358287672
22.921286306580487,21,7,2,77.31037564861082
21.351513328168377,22,7,2,74.94897980032893
24.34701565742385,23,7,2,78.70128232907643
29.966554387641963,0,8,2,85.17024089526305
23.895524028826244,1,8,2,83.94589322772642
29.28538259470316,2,8,2,74.34243803823186
27.22762839103165,3,8,2,84.74009750298251
28.986939634701088,4,8,2,95.5707996894436
25.520464254853323,5,8,2,79.29740483103579
20.874724426749665,6,8,2,66.56248893051789
23.378970650266723,7,8,2,83.39737387132985
25.97384508949954,8,8,2,84.07356121613094
22.264566775822413,9,8,2,68.01886834133008
25.51182603130946,10,8,2,79.29216968690613
24.376774841092228,11,8,2,72.42289482353563
26.773583466597007,12,8,2,78.65715747769653
28.36480085636243,13,8,2,92.0584687253053
24.10295422074372,14,8,2,73.4805150982396
21.257015771694768,15,8,2,75.18282328680533
23.50914938235719,16,8,2,72.96232564251345
22.928908915882403,17,8,2,79.48897674468682
20.96663059549269,18,8,2,71.9759077409931
24.83132370289518,19,8,2,70.05016651805498
29.96347007524853,20,8,2,88.62840258913243
22.757237527227808,21,8,2,74.72368766729738
29.998670840983927,22,8,2,86.84048949236032
27.44671039415382,23,8,2,74.32750630049969
20.279353479177804,0,9,2,63.29866799894341
29.607942783409307,1,9,2,90.27979417843638
24.12651879361669,2,9,2,71.08156769592276
21.815877575139943,3,9,2,65.4436109901146
23.11871541683067,4,9,2,72.51223872311743
21.650388242215826,5,9,2,64.627594677649
21.111811878587236,6,9,2,69.59831784607292
24.80157847874736,7,9,2,75.91929167459848
28.52216971099245,8,9,2,90.07860083748253
24.545243028110026,9,9,2,79.8130611608758
24.778758105110587,10,9,2,72.35976105738673
27.589471682490004,11,9,2,83.13482273943058
22.338107617247974,12,9,2,69.88707787274514
28.543204779769567,13,9,2,79.68546683354299
23.159549117126083,14,9,2,85.94836369953953
25.36081240579994,15,9,2,74.25802409708585
27.00329108718517,16,9,2,76.35641844307433
25.07977843272399,17,9,2,79.64349269579574
26.9734653221081,18,9,2,70.99655425851765
21.67601268674201,19,9,2,82.10633650259106
27.65398675337267,20,9,2,88.26987975088674
23.828504016968417,21,9,2,83.56867192157476
29.903564462178142,22,9,2,86.33804990538727
28.74811634559277,23,9,2,76.76750273188506
26.82476001718268,0,10,2,69.9896271416063
24.19147474386861,1,10,2,71.83354857652225
22.09821551311827,2,10,2,76.93341383494749
25.410412214272217,3,10,2,85.93800098311877
21.32140748698875,4,10,2,73.76491766482671
24.893530032261168,5,10,2,81.37491574540242
20.653431405073004,6,10,2,64.16044094043943
21.837071209294045,7,10,2,70.64422480750918
22.6406030143219,8,10,2,77.15619924801943
21.679493073725897,9,10,2,67.00711451695811
25.83693571170494,10,10,2,83.07131441497877
28.018438618136383,11,10,2,87.40830975238782
25.081028599810693,12,10,2,81.38515480436469
27.4179999298565,13,10,2,85.5562355803149
24.57506755574621,14,10,2,71.35978102574492
25.038166458222484,15,10,2,77.81280294078492
23.601095495763253,16,10,2,74.0082941341654
21.391320811538275,17,10,2,67.44994385267421
26.77268343388353,18,10,2,87.4288443887374
21.65418893720985,19,10,2,73.9448971603819
28.781031613039996,20,10,2,79.66377870761887
21.26410298335915,21,10,2,67.04524826669969
24.64351696950702,22,10,2,75.14601170132461
23.158493441187083,23,10,2,68.30644775131655
20.59433697464107,0,11,2,77.43311988645691
28.04502233189848,1,11,2,85.27102849193884
22.236948227255542,2,11,2,62.72987331802409
23.907819594491844,3,11,2,73.6212367690306
29.169420553736146,4,11,2,86.78020327168382
21.396571549628003,5,11,2,71.77578114103045
22.61967081650721,6,11,2,74.63895632109018
21.990213727321173,7,11,2,64.90307781558754
27.62188333313685,8,11,2,93.63964381269945
28.732844166760707,9,11,2,83.29946207312125
26.656888694656885,10,11,2,89.96406418213438
28.61938229823985,11,11,2,82.30669218855468
23.836646783615127,12,11,2,66.57731967729397
23.00534021561873,13,11,2,72.75347139283858
25.138364885205537,14,11,2,76.95038939185675
23.051164865493256,15,11,2,71.54531130791871
